City_ID,City,Country,Lat,Lng,Max Temp,Humidity,Cloudiness,Wind Speed,Weather Description,Date
0,Hermanus,ZA,-34.4187,19.2345,57.79,63,100,6.31,overcast clouds,2022-11-17 20:12:55
1,Albany,US,42.6001,-73.9662,40.39,63,19,1.99,few clouds,2022-11-17 20:09:57
2,Tignere,CM,7.3667,12.65,68.49,41,71,2.42,broken clouds,2022-11-17 20:21:03
3,Paamiut,GL,61.994,-49.6678,17.08,63,100,2.89,overcast clouds,2022-11-17 20:21:03
4,San Policarpo,PH,12.1791,125.5072,78.55,89,100,6.87,overcast clouds,2022-11-17 20:15:33
5,Mizdah,LY,31.4451,12.9801,62.33,34,7,9.6,clear sky,2022-11-17 20:21:03
6,Port Macquarie,AU,-31.4333,152.9167,57.88,74,0,8.79,clear sky,2022-11-17 20:14:27
7,Lamu,KE,-2.2717,40.902,75.42,86,85,7.25,overcast clouds,2022-11-17 20:21:04
8,Punta Arenas,CL,-53.15,-70.9167,57.31,44,40,26.46,scattered clouds,2022-11-17 20:12:23
9,Puerto Escondido,MX,15.85,-97.0667,86.83,58,20,5.75,few clouds,2022-11-17 20:21:04
10,Busselton,AU,-33.65,115.3333,52.59,82,100,13.65,overcast clouds,2022-11-17 20:15:02
11,Mount Isa,AU,-20.7333,139.5,73.17,40,51,6.91,broken clouds,2022-11-17 20:17:43
12,Kahului,US,20.8947,-156.47,82.42,67,20,9.22,few clouds,2022-11-17 20:16:06
13,Tuktoyaktuk,CA,69.4541,-133.0374,24.8,80,75,13.8,broken clouds,2022-11-17 20:16:28
14,Port Alfred,ZA,-33.5906,26.891,63.18,94,100,7.09,overcast clouds,2022-11-17 20:13:05
15,Kerchevskiy,RU,59.946,56.2884,6.12,95,15,2.62,few clouds,2022-11-17 20:21:05
16,Rikitea,PF,-23.1203,-134.9692,72.03,87,100,3.58,light rain,2022-11-17 20:12:54
17,Alta Floresta,BR,-9.8756,-56.0861,85.28,56,94,3.98,overcast clouds,2022-11-17 20:15:07
18,Misratah,LY,32.3754,15.0925,71.17,68,12,4.54,few clouds,2022-11-17 20:21:05
19,Cape Town,ZA,-33.9258,18.4232,63.12,68,100,8.99,overcast clouds,2022-11-17 20:14:57
20,Vanimo,PG,-2.6741,141.3028,77.5,87,100,2.15,overcast clouds,2022-11-17 20:18:20
21,Butaritari,KI,3.0707,172.7902,80.64,75,51,16.53,broken clouds,2022-11-17 20:13:03
22,Bredasdorp,ZA,-34.5322,20.0403,60.48,61,100,4.07,overcast clouds,2022-11-17 20:14:55
23,Cidreira,BR,-30.1811,-50.2056,71.78,62,91,7.78,overcast clouds,2022-11-17 20:14:58
24,Nikolskoye,RU,59.7035,30.7861,30.09,85,8,6.02,clear sky,2022-11-17 20:11:43
25,Barrow,US,71.2906,-156.7887,28.42,80,0,9.22,clear sky,2022-11-17 20:13:02
26,Kodiak,US,57.79,-152.4072,44.11,87,100,14.97,overcast clouds,2022-11-17 20:10:35
27,El Campo,US,29.1966,-96.2697,58.26,50,100,4.61,overcast clouds,2022-11-17 20:21:06
28,Hobart,AU,-42.8794,147.3294,47.05,93,20,8.05,few clouds,2022-11-17 20:12:27
29,Macia,MZ,-25.0269,33.0989,73.67,77,21,6.89,few clouds,2022-11-17 20:21:07
30,Severo-Kurilsk,RU,50.6789,156.125,33.49,68,100,13.67,overcast clouds,2022-11-17 20:15:06
31,Lasa,IT,46.6166,10.7002,45.48,89,69,3.44,broken clouds,2022-11-17 20:16:36
32,Kapaa,US,22.0752,-159.319,80.92,73,40,11.5,scattered clouds,2022-11-17 20:15:16
33,Santa Fe,AR,-31.6333,-60.7,97.02,28,0,7.0,light rain,2022-11-17 20:16:43
34,Makakilo City,US,21.3469,-158.0858,81.61,63,0,5.75,clear sky,2022-11-17 20:16:08
35,Altay,CN,47.8667,88.1167,15.19,66,100,4.59,overcast clouds,2022-11-17 20:21:08
36,Mataura,NZ,-46.1927,168.8643,53.64,96,100,1.21,overcast clouds,2022-11-17 20:12:54
37,Arraial Do Cabo,BR,-22.9661,-42.0278,76.86,65,40,16.11,scattered clouds,2022-11-17 20:15:50
38,Mbandaka,CD,0.0487,18.2603,70.79,96,68,2.73,light rain,2022-11-17 20:21:08
39,Roura,GF,4.7263,-52.3274,87.71,62,0,10.36,clear sky,2022-11-17 20:21:09
40,Magadan,RU,59.5667,150.8,2.53,93,89,12.33,overcast clouds,2022-11-17 20:21:09
41,Asau,RO,46.4333,26.4,34.72,91,100,1.14,overcast clouds,2022-11-17 20:21:09
42,Jauja,PE,-11.7758,-75.4966,57.22,59,100,4.76,overcast clouds,2022-11-17 20:21:10
43,Bichura,RU,50.5881,107.6022,22.91,89,100,3.31,overcast clouds,2022-11-17 20:21:10
44,Labuhan,ID,-6.8844,112.2051,78.26,83,100,11.34,overcast clouds,2022-11-17 20:21:10
45,Ushuaia,AR,-54.8,-68.3,56.82,62,40,20.71,scattered clouds,2022-11-17 20:11:34
46,Atuona,PF,-9.8,-139.0333,78.3,75,60,16.35,broken clouds,2022-11-17 20:15:12
47,Puerto Ayora,EC,-0.7393,-90.3518,75.16,89,60,5.99,broken clouds,2022-11-17 20:15:30
48,Yellowknife,CA,62.456,-114.3525,15.57,78,70,10.0,broken clouds,2022-11-17 20:13:06
49,Jardim,BR,-21.4803,-56.1381,90.45,29,0,6.93,clear sky,2022-11-17 20:22:11
50,Puerto Madryn,AR,-42.7692,-65.0385,64.33,84,100,14.03,heavy intensity rain,2022-11-17 20:22:11
51,Ponta Do Sol,PT,32.6667,-17.1,71.71,75,58,6.6,broken clouds,2022-11-17 20:15:59
52,Dudinka,RU,69.4058,86.1778,-6.2,95,100,29.15,light snow,2022-11-17 20:22:12
53,Nuuk,GL,64.1835,-51.7216,23.61,80,75,12.66,broken clouds,2022-11-17 20:14:55
54,Sol-Iletsk,RU,51.1631,54.9918,30.24,81,100,16.96,light snow,2022-11-17 20:22:12
55,Batagay-Alyta,RU,67.8006,130.4114,-19.79,95,100,1.86,overcast clouds,2022-11-17 20:12:58
56,Bonavista,CA,48.6499,-53.1147,46.58,87,100,24.56,overcast clouds,2022-11-17 20:18:22
57,Mount Gambier,AU,-37.8333,140.7667,44.8,92,3,6.04,clear sky,2022-11-17 20:16:51
58,Jiexiu,CN,37.0244,111.9125,47.84,56,100,1.36,overcast clouds,2022-11-17 20:22:13
59,Katsuura,JP,35.1333,140.3,58.68,68,100,11.77,overcast clouds,2022-11-17 20:16:19
60,Alofi,NU,-19.0595,-169.9187,78.69,83,20,6.91,few clouds,2022-11-17 20:16:47
61,Vaini,TO,-21.2,-175.2,77.22,71,76,6.33,broken clouds,2022-11-17 20:15:00
62,Coihaique,CL,-45.5752,-72.0662,63.21,67,100,6.91,light intensity shower rain,2022-11-17 20:16:19
63,Buchanan,LR,5.8808,-10.0467,79.02,83,94,7.45,light rain,2022-11-17 20:22:14
64,High Level,CA,58.5169,-117.136,12.31,92,40,0.0,smoke,2022-11-17 20:22:15
65,Batamshinskiy,KZ,50.5594,58.2747,23.76,78,100,14.92,overcast clouds,2022-11-17 20:22:15
66,Chuy,UY,-33.6971,-53.4616,74.82,54,94,5.84,overcast clouds,2022-11-17 20:15:52
67,Wenatchee,US,47.4235,-120.3103,46.78,72,0,4.61,clear sky,2022-11-17 20:22:16
68,Yaan,NG,7.3833,8.5667,81.79,44,46,2.48,scattered clouds,2022-11-17 20:15:53
69,Acarau,BR,-2.8856,-40.12,81.66,70,10,18.16,clear sky,2022-11-17 20:16:51
70,Banjar,ID,-8.19,114.9675,77.04,93,100,4.72,overcast clouds,2022-11-17 20:22:17
71,Hilo,US,19.7297,-155.09,82.62,80,100,8.01,overcast clouds,2022-11-17 20:12:26
72,Osoyoos,CA,49.0331,-119.4524,41.41,52,45,9.22,scattered clouds,2022-11-17 20:22:17
73,Clyde River,CA,70.4692,-68.5914,-1.97,84,100,13.8,overcast clouds,2022-11-17 20:16:14
74,Kaitangata,NZ,-46.2817,169.8464,53.11,92,100,2.84,light rain,2022-11-17 20:15:31
75,Kiama,AU,-34.6833,150.8667,57.0,77,2,1.99,clear sky,2022-11-17 20:22:18
76,Lima,PE,-12.0432,-77.0282,64.65,72,75,11.5,broken clouds,2022-11-17 20:20:54
77,Akyab,MM,20.15,92.9,73.63,73,2,6.46,clear sky,2022-11-17 20:15:27
78,Surt,LY,31.2089,16.5887,73.6,38,21,6.44,few clouds,2022-11-17 20:17:34
79,Lebu,CL,-37.6167,-73.65,62.2,79,100,10.22,overcast clouds,2022-11-17 20:15:39
80,Hovd,MN,48.0056,91.6419,20.5,38,80,5.37,broken clouds,2022-11-17 20:22:19
81,Mildura,AU,-34.2,142.15,53.08,87,2,8.57,clear sky,2022-11-17 20:21:33
82,Vuktyl,RU,63.8567,57.3094,-0.94,91,100,11.39,overcast clouds,2022-11-17 20:22:19
83,Banda Aceh,ID,5.5577,95.3222,78.44,78,100,10.47,overcast clouds,2022-11-17 20:22:19
84,Mina,MX,26.0011,-100.5299,50.16,48,14,6.31,few clouds,2022-11-17 20:22:20
85,Los Llanos De Aridane,ES,28.6585,-17.9182,67.75,79,20,6.91,few clouds,2022-11-17 20:16:38
86,Lodja,CD,-3.4833,23.4333,68.79,99,86,2.48,light rain,2022-11-17 20:22:20
87,Abu Kamal,SY,34.4506,40.9171,62.47,56,0,4.68,clear sky,2022-11-17 20:22:20
88,Narsaq,GL,60.9167,-46.05,23.22,79,100,6.04,overcast clouds,2022-11-17 20:15:40
89,Coffs Harbour,AU,-30.3,153.1333,60.76,63,0,5.75,clear sky,2022-11-17 20:22:21
90,Alakurtti,RU,66.9672,30.3491,15.58,87,7,3.53,clear sky,2022-11-17 20:22:22
91,Khatanga,RU,71.9667,102.5,-25.2,95,100,4.38,overcast clouds,2022-11-17 20:15:54
92,Zalantun,CN,48.0,122.7167,25.75,77,0,5.19,clear sky,2022-11-17 20:22:22
93,Puerto Colombia,CO,10.9878,-74.9547,78.89,77,100,11.41,overcast clouds,2022-11-17 20:19:28
94,Jamestown,US,42.097,-79.2353,35.19,76,100,11.01,overcast clouds,2022-11-17 20:10:36
95,Thompson,CA,55.7435,-97.8558,7.36,77,68,8.37,broken clouds,2022-11-17 20:12:04
96,Bethel,US,41.3712,-73.414,45.48,50,100,12.66,overcast clouds,2022-11-17 20:15:15
97,San Cristobal,VE,7.7669,-72.225,80.78,63,61,4.72,broken clouds,2022-11-17 20:23:23
98,Walvis Bay,NA,-22.9575,14.5053,62.1,82,63,3.44,broken clouds,2022-11-17 20:23:23
99,Avarua,CK,-21.2078,-159.775,78.85,78,20,17.27,few clouds,2022-11-17 20:23:23
100,Saskylakh,RU,71.9167,114.0833,-26.72,100,95,4.05,overcast clouds,2022-11-17 20:15:47
101,Sokoni,TZ,-6.4333,39.55,79.72,82,34,10.76,scattered clouds,2022-11-17 20:23:24
102,Rawson,AR,-43.3002,-65.1023,77.29,44,20,14.97,thunderstorm with light rain,2022-11-17 20:11:30
103,Naze,JP,28.3667,129.4833,67.12,86,63,8.52,light rain,2022-11-17 20:17:36
104,Husavik,IS,66.0449,-17.3389,42.44,85,31,9.26,scattered clouds,2022-11-17 20:16:44
105,Qaanaaq,GL,77.484,-69.3632,-17.18,76,2,7.7,clear sky,2022-11-17 20:15:05
106,Olafsvik,IS,64.8945,-23.7142,45.14,84,33,24.05,scattered clouds,2022-11-17 20:23:25
107,Juneau,US,58.3019,-134.4197,35.22,93,40,0.0,scattered clouds,2022-11-17 20:15:36
108,Martin,US,27.0837,-80.4164,75.96,70,25,1.99,scattered clouds,2022-11-17 20:23:25
109,Saint-Philippe,RE,-21.3585,55.7679,69.39,73,36,8.12,scattered clouds,2022-11-17 20:15:29
110,Bahia Blanca,AR,-38.7196,-62.2724,83.95,37,83,3.69,broken clouds,2022-11-17 20:23:26
111,Bluff,NZ,-46.6,168.3333,52.3,93,100,11.54,overcast clouds,2022-11-17 20:10:47
112,Kharp,RU,66.8014,65.8081,14.72,89,100,13.71,light snow,2022-11-17 20:23:26
113,Nizhniy Baskunchak,RU,48.2198,46.8311,45.37,93,94,11.72,overcast clouds,2022-11-17 20:20:17
114,Maun,BW,-19.9833,23.4167,75.16,43,0,5.75,clear sky,2022-11-17 20:23:27
115,Sangod,IN,24.9167,76.2833,64.42,37,0,3.76,clear sky,2022-11-17 20:23:28
116,Poum,NC,-20.2333,164.0167,77.72,74,69,10.04,broken clouds,2022-11-17 20:17:21
117,Vestmannaeyjar,IS,63.4427,-20.2734,46.83,82,86,19.35,overcast clouds,2022-11-17 20:18:17
118,Hammerfest,NO,70.6634,23.6821,30.65,100,0,4.61,clear sky,2022-11-17 20:23:29
119,Te Anau,NZ,-45.4167,167.7167,53.56,96,100,2.62,overcast clouds,2022-11-17 20:16:41
120,Ilulissat,GL,69.2167,-51.1,19.42,79,75,5.75,broken clouds,2022-11-17 20:15:41
121,Sambava,MG,-14.2667,50.1667,73.72,87,19,0.36,few clouds,2022-11-17 20:14:54
122,Mitsamiouli,KM,-11.3847,43.2844,78.19,79,25,9.82,scattered clouds,2022-11-17 20:23:29
123,Muros,ES,42.7762,-9.0603,53.69,92,15,6.87,few clouds,2022-11-17 20:16:01
124,Deputatskiy,RU,69.3,139.9,-28.82,100,24,2.13,few clouds,2022-11-17 20:18:36
125,Esperance,AU,-33.8667,121.9,57.27,79,74,16.11,broken clouds,2022-11-17 20:15:15
126,Hithadhoo,MV,-0.6,73.0833,81.12,73,87,11.41,overcast clouds,2022-11-17 20:23:30
127,Kamenka,RU,51.3223,42.7678,34.59,100,100,5.48,overcast clouds,2022-11-17 20:23:30
128,Santa Luzia,BR,-19.7697,-43.8514,84.34,46,20,9.22,few clouds,2022-11-17 20:20:35
129,Krasnoznamensk,RU,55.5994,37.0386,25.92,79,75,15.66,broken clouds,2022-11-17 20:23:31
130,Isangel,VU,-19.55,169.2667,80.8,77,21,7.83,few clouds,2022-11-17 20:15:30
131,Neuquen,AR,-38.9516,-68.0591,89.49,35,40,6.91,scattered clouds,2022-11-17 20:20:21
132,Port Elizabeth,ZA,-33.918,25.5701,65.1,87,75,4.61,broken clouds,2022-11-17 20:23:31
133,Yuanping,CN,38.7153,112.7575,43.68,54,100,0.76,overcast clouds,2022-11-17 20:23:32
134,Bengkulu,ID,-3.8004,102.2655,75.43,87,100,6.58,overcast clouds,2022-11-17 20:17:09
135,Pisco,PE,-13.7,-76.2167,68.05,73,0,8.05,clear sky,2022-11-17 20:15:45
136,Auki,SB,-8.7676,160.7034,78.71,86,94,4.54,overcast clouds,2022-11-17 20:23:32
137,Saint-Pierre,RE,-21.3393,55.4781,71.91,64,0,5.75,clear sky,2022-11-17 20:16:47
138,Hualmay,PE,-11.0964,-77.6139,69.75,69,70,11.34,broken clouds,2022-11-17 20:16:45
139,Mandalgovi,MN,45.7625,106.2708,30.69,31,100,11.72,overcast clouds,2022-11-17 20:16:13
140,San-Pedro,CI,4.7485,-6.6363,78.66,81,83,6.29,broken clouds,2022-11-17 20:24:33
141,Aklavik,CA,68.2191,-135.0107,5.0,85,40,3.44,scattered clouds,2022-11-17 20:24:33
142,San Patricio,US,28.017,-97.5169,57.07,52,100,8.72,overcast clouds,2022-11-17 20:24:34
143,Dhanaura,IN,28.9667,78.25,60.24,54,0,6.62,clear sky,2022-11-17 20:24:34
144,Mahebourg,MU,-20.4081,57.7,68.25,59,16,5.46,few clouds,2022-11-17 20:15:44
145,Jacksonville,US,30.3322,-81.6556,62.82,38,40,11.5,scattered clouds,2022-11-17 20:20:20
146,Tasiilaq,GL,65.6145,-37.6368,33.96,88,92,7.36,overcast clouds,2022-11-17 20:24:34
147,Flin Flon,CA,54.7682,-101.865,8.44,56,75,8.05,broken clouds,2022-11-17 20:15:19
148,Agua Preta,BR,-8.7075,-35.5306,78.48,65,93,9.04,overcast clouds,2022-11-17 20:24:35
149,Lexington,US,37.9887,-84.4777,34.09,69,100,10.36,overcast clouds,2022-11-17 20:24:07
150,Nizhniy Odes,RU,63.6445,54.856,3.61,92,100,8.9,overcast clouds,2022-11-17 20:24:36
151,Graaff-Reinet,ZA,-32.2522,24.5308,58.93,73,100,9.62,overcast clouds,2022-11-17 20:24:36
152,Leningradskiy,RU,69.3833,178.4167,8.19,95,100,10.71,overcast clouds,2022-11-17 20:24:36
153,Hambantota,LK,6.1241,81.1185,77.99,78,100,2.66,overcast clouds,2022-11-17 20:24:36
154,Fortuna,US,40.5982,-124.1573,56.93,72,0,6.91,clear sky,2022-11-17 20:24:37
155,Dingle,PH,10.9995,122.6711,75.99,94,100,8.66,overcast clouds,2022-11-17 20:15:36
156,Tra Vinh,VN,9.9347,106.3453,78.04,89,100,8.72,overcast clouds,2022-11-17 20:24:37
157,Nouadhibou,MR,20.931,-17.0347,82.38,26,0,14.97,clear sky,2022-11-17 20:16:16
158,Sayula,MX,19.8667,-103.6167,80.91,32,0,3.89,clear sky,2022-11-17 20:24:37
159,Batticaloa,LK,7.7102,81.6924,73.8,80,100,12.06,overcast clouds,2022-11-17 20:24:38
160,Broome,US,42.2506,-75.833,37.62,73,100,13.8,overcast clouds,2022-11-17 20:24:38
161,Shenkursk,RU,62.1091,42.896,13.24,91,72,2.06,broken clouds,2022-11-17 20:20:11
162,Kintampo,GH,8.0563,-1.7306,76.46,40,32,3.94,scattered clouds,2022-11-17 20:24:38
163,Mar Del Plata,AR,-38.0023,-57.5575,67.82,75,0,10.36,clear sky,2022-11-17 20:24:39
164,Sembakung,ID,3.8167,117.25,74.05,99,98,1.61,overcast clouds,2022-11-17 20:24:39
165,Waingapu,ID,-9.6567,120.2641,81.03,82,92,2.84,overcast clouds,2022-11-17 20:24:40
166,Le Port,RE,-20.9373,55.2919,72.25,64,20,3.83,few clouds,2022-11-17 20:24:40
167,Sao Paulo De Olivenca,BR,-3.3783,-68.8725,77.5,93,100,1.03,overcast clouds,2022-11-17 20:16:31
168,Kotelnikovo,RU,47.6317,43.1461,51.51,84,100,14.74,overcast clouds,2022-11-17 20:24:40
169,Vao,NC,-22.6667,167.4833,75.76,78,99,11.07,overcast clouds,2022-11-17 20:16:58
170,Talnakh,RU,69.4865,88.3972,-5.69,97,100,23.31,snow,2022-11-17 20:15:53
171,Qaqortoq,GL,60.7167,-46.0333,13.39,80,94,4.92,overcast clouds,2022-11-17 20:24:40
172,Birao,CF,10.2849,22.7882,74.53,27,58,6.13,broken clouds,2022-11-17 20:24:41
173,Haines Junction,CA,60.7522,-137.5108,10.35,85,64,2.3,broken clouds,2022-11-17 20:24:41
174,Lodwar,KE,3.1191,35.5973,85.68,41,7,12.41,clear sky,2022-11-17 20:24:42
175,Dali,CN,25.7,100.1833,44.11,70,0,3.47,clear sky,2022-11-17 20:18:14
176,Onega,RU,63.9061,38.1404,24.17,91,99,3.65,overcast clouds,2022-11-17 20:19:48
177,Cantaura,VE,9.3057,-64.3584,81.55,70,100,5.19,overcast clouds,2022-11-17 20:24:42
178,Carnarvon,AU,-24.8667,113.6333,65.19,60,99,18.45,overcast clouds,2022-11-17 20:24:43
179,West Bay,KY,19.3667,-81.4167,85.06,81,20,12.66,few clouds,2022-11-17 20:24:43
180,Castro,BR,-24.7911,-50.0119,74.7,43,3,4.29,clear sky,2022-11-17 20:24:43
181,East London,ZA,-33.0153,27.9116,66.99,87,100,5.06,light rain,2022-11-17 20:14:59
182,Vasto,IT,42.1243,14.7059,58.68,81,0,6.58,clear sky,2022-11-17 20:24:25
183,Koslan,RU,63.4564,48.8989,9.09,93,99,6.44,overcast clouds,2022-11-17 20:25:44
184,Elk City,US,35.412,-99.4043,55.62,33,0,13.8,clear sky,2022-11-17 20:25:44
185,Itarema,BR,-2.9248,-39.9167,81.1,71,8,17.11,clear sky,2022-11-17 20:17:57
186,Yar-Sale,RU,66.8333,70.8333,17.44,83,100,29.48,overcast clouds,2022-11-17 20:25:45
187,Copiapo,CL,-27.3667,-70.3333,64.09,34,9,11.34,clear sky,2022-11-17 20:25:45
188,Golfito,CR,8.639,-83.166,81.84,84,61,4.34,moderate rain,2022-11-17 20:25:45
189,Ribeira Grande,PT,38.5167,-28.7,59.4,67,20,8.05,few clouds,2022-11-17 20:25:46
190,Ridgecrest,US,35.6225,-117.6709,62.69,17,20,3.0,few clouds,2022-11-17 20:25:46
191,Luderitz,NA,-26.6481,15.1594,60.57,72,5,14.99,clear sky,2022-11-17 20:25:46
192,Zolotyy Potik,UA,48.9095,25.3393,30.65,97,100,5.17,light snow,2022-11-17 20:25:46
193,Turukhansk,RU,65.8167,87.9833,-4.45,98,100,20.24,light snow,2022-11-17 20:16:09
194,Namibe,AO,-15.1961,12.1522,69.31,81,43,3.85,scattered clouds,2022-11-17 20:18:29
195,Sao Joao Da Barra,BR,-21.6403,-41.0511,78.89,71,62,18.48,broken clouds,2022-11-17 20:20:33
196,Sibu,MY,2.3,111.8167,77.31,94,40,2.3,light rain,2022-11-17 20:24:11
197,Menongue,AO,-14.6585,17.691,70.72,57,34,5.03,scattered clouds,2022-11-17 20:21:12
198,Ketchikan,US,55.3422,-131.6461,43.27,56,0,4.07,clear sky,2022-11-17 20:21:02
199,Mfou,CM,3.7159,11.6427,67.8,96,38,3.27,scattered clouds,2022-11-17 20:25:47
200,Fare,PF,-16.7,-151.0167,79.18,75,18,3.44,light rain,2022-11-17 20:25:47
201,Arauco,CL,-37.2463,-73.3175,70.02,53,100,11.68,overcast clouds,2022-11-17 20:25:48
202,Pacific Grove,US,36.6177,-121.9166,66.34,60,0,10.36,clear sky,2022-11-17 20:25:48
203,Nawalgarh,IN,27.85,75.2667,58.5,38,0,0.74,clear sky,2022-11-17 20:25:48
204,Bambous Virieux,MU,-20.3428,57.7575,68.22,59,31,5.91,scattered clouds,2022-11-17 20:25:49
205,Semey,KZ,50.4111,80.2275,23.58,66,49,6.42,scattered clouds,2022-11-17 20:25:49
206,Bilma,NE,18.6853,12.9164,70.83,19,37,6.44,scattered clouds,2022-11-17 20:25:49
207,Hargeysa,SO,9.56,44.065,63.7,82,11,10.83,few clouds,2022-11-17 20:25:50
208,Panzhihua,CN,26.5851,101.7128,48.99,69,0,1.59,clear sky,2022-11-17 20:23:06
209,Victoria,HK,22.2855,114.1577,75.38,89,0,5.99,clear sky,2022-11-17 20:16:07
210,Marrakesh,MA,31.6315,-8.0083,68.07,34,0,3.44,clear sky,2022-11-17 20:25:50
211,Mogadishu,SO,2.0371,45.3438,79.41,82,0,12.26,clear sky,2022-11-17 20:25:50
212,Inhambane,MZ,-23.865,35.3833,76.08,69,8,11.21,clear sky,2022-11-17 20:25:51
213,College,US,64.8569,-147.8028,12.58,82,0,0.0,clear sky,2022-11-17 20:16:02
214,Maine-Soroa,NE,13.2114,12.0241,75.4,22,64,8.57,broken clouds,2022-11-17 20:25:51
215,Caconda,AO,-13.7333,15.0667,66.85,65,85,2.93,overcast clouds,2022-11-17 20:25:51
216,Urucara,BR,-2.5364,-57.76,99.63,24,100,4.0,overcast clouds,2022-11-17 20:24:45
217,Kununurra,AU,-15.7667,128.7333,78.78,89,40,0.0,scattered clouds,2022-11-17 20:25:52
218,Kalamazoo,US,42.2506,-85.55,30.51,80,100,17.27,light snow,2022-11-17 20:22:08
219,Taicheng,CN,38.731,113.228,41.02,54,100,3.4,overcast clouds,2022-11-17 20:25:52
220,Siniscola,IT,40.5719,9.6922,65.75,86,94,6.2,overcast clouds,2022-11-17 20:25:53
221,New Norfolk,AU,-42.7826,147.0587,47.71,79,17,1.83,few clouds,2022-11-17 20:25:53
222,Bay Roberts,CA,47.5999,-53.2648,50.5,89,100,17.0,overcast clouds,2022-11-17 20:25:53
223,Longyearbyen,SJ,78.2186,15.6401,22.84,74,75,6.91,broken clouds,2022-11-17 20:25:54
224,Paris,FR,48.8534,2.3488,52.3,86,75,10.36,broken clouds,2022-11-17 20:21:52
225,Buraydah,SA,26.326,43.975,72.05,50,100,7.76,overcast clouds,2022-11-17 20:17:30
226,Saint George,US,37.1041,-113.5841,51.44,31,0,3.44,clear sky,2022-11-17 20:25:26
227,Dikson,RU,73.5069,80.5464,7.43,95,100,13.38,light snow,2022-11-17 20:25:54
228,Kushiro,JP,42.975,144.3747,33.35,70,0,4.88,clear sky,2022-11-17 20:25:54
229,San Pedro De Uraba,CO,8.2752,-76.3764,81.52,83,100,4.65,overcast clouds,2022-11-17 20:25:55
230,Pevek,RU,69.7008,170.3133,-3.8,99,98,3.89,overcast clouds,2022-11-17 20:26:55
231,Vila Franca Do Campo,PT,37.7167,-25.4333,60.19,66,6,11.14,clear sky,2022-11-17 20:17:08
232,Porto Novo,BJ,6.4965,2.6036,82.22,79,41,6.17,scattered clouds,2022-11-17 20:18:15
233,Muromtsevo,RU,56.3724,75.2418,-4.23,98,6,2.1,clear sky,2022-11-17 20:26:55
234,Provideniya,RU,64.3833,-173.3,35.58,99,100,12.55,moderate rain,2022-11-17 20:26:56
235,Vinh,VN,18.6667,105.6667,74.89,93,79,2.08,broken clouds,2022-11-17 20:26:56
236,Kalmunai,LK,7.4167,81.8167,72.23,83,100,11.05,overcast clouds,2022-11-17 20:18:42
237,Port Hardy,CA,50.6996,-127.4199,50.18,53,0,10.36,clear sky,2022-11-17 20:26:57
238,Biu,NG,10.6129,12.1946,73.76,33,7,8.81,clear sky,2022-11-17 20:26:57
239,Shetpe,KZ,44.1667,52.1167,46.0,63,84,4.52,broken clouds,2022-11-17 20:26:57
240,Praia,CV,14.9215,-23.5087,79.34,61,20,11.5,few clouds,2022-11-17 20:26:57
241,Fez,MA,34.0372,-4.9998,64.65,88,75,5.75,light rain,2022-11-17 20:24:48
242,Saldanha,ZA,-33.0117,17.9442,60.1,71,100,19.51,overcast clouds,2022-11-17 20:18:31
243,Mingaora,PK,34.7758,72.3625,49.44,37,17,7.7,few clouds,2022-11-17 20:17:00
244,Monrovia,LR,6.3005,-10.7969,78.87,84,83,8.28,broken clouds,2022-11-17 20:26:58
245,Bac Lieu,VN,9.285,105.7244,78.57,89,100,10.29,overcast clouds,2022-11-17 20:26:58
246,Finschhafen,PG,-6.6024,147.8681,80.33,83,100,8.63,overcast clouds,2022-11-17 20:26:59
247,La Seyne-Sur-Mer,FR,43.0982,5.8847,63.88,62,79,4.0,broken clouds,2022-11-17 20:26:59
248,Khandyga,RU,62.6667,135.6,-29.97,95,93,2.53,overcast clouds,2022-11-17 20:26:59
249,Carutapera,BR,-1.195,-46.02,81.3,76,99,6.04,overcast clouds,2022-11-17 20:18:46
250,Bonthe,SL,7.5264,-12.505,79.72,80,100,6.76,overcast clouds,2022-11-17 20:27:00
251,Svay Rieng,KH,11.0879,105.7993,76.68,92,100,2.86,overcast clouds,2022-11-17 20:27:00
252,Saint-Augustin,CA,51.226,-58.6502,29.73,96,100,26.78,snow,2022-11-17 20:27:01
253,Pierre,US,44.3683,-100.351,21.85,65,100,28.77,overcast clouds,2022-11-17 20:27:01
254,Palana,RU,59.1167,159.9667,15.82,89,100,13.2,overcast clouds,2022-11-17 20:27:01
255,Moyale,KE,3.5167,39.0584,73.27,45,12,12.55,few clouds,2022-11-17 20:27:01
256,Ibra,OM,22.6906,58.5334,69.48,69,5,0.74,clear sky,2022-11-17 20:17:41
257,Westport,US,41.1415,-73.3579,47.28,45,20,14.97,few clouds,2022-11-17 20:18:25
258,Nushki,PK,29.5542,66.0215,54.95,24,22,3.11,few clouds,2022-11-17 20:27:02
259,Matagami,CA,49.7502,-77.6328,17.71,86,100,10.36,overcast clouds,2022-11-17 20:27:02
260,Zemio,CF,5.0314,25.1361,71.83,58,12,3.22,few clouds,2022-11-17 20:27:03
261,Umm Kaddadah,SD,13.6017,26.6876,71.69,22,0,14.65,clear sky,2022-11-17 20:27:03
262,Iqaluit,CA,63.7506,-68.5145,10.13,79,100,9.22,overcast clouds,2022-11-17 20:27:04
263,Alyangula,AU,-13.8483,136.4192,84.07,55,100,2.53,overcast clouds,2022-11-17 20:27:04
264,Upernavik,GL,72.7868,-56.1549,10.2,78,100,6.87,overcast clouds,2022-11-17 20:27:05
265,Leh,IN,34.1667,77.5833,14.23,60,3,2.46,clear sky,2022-11-17 20:17:53
266,Darhan,MN,49.4867,105.9228,29.86,44,100,3.29,overcast clouds,2022-11-17 20:27:05
267,Nhulunbuy,AU,-12.2333,136.7667,79.41,89,78,0.0,broken clouds,2022-11-17 20:27:05
268,Kawalu,ID,-7.3817,108.2082,72.34,98,100,1.32,overcast clouds,2022-11-17 20:27:06
269,Caravelas,BR,-17.7125,-39.2481,72.57,95,100,9.37,overcast clouds,2022-11-17 20:27:06
270,Haimen,CN,23.1935,116.6142,69.69,90,0,6.33,clear sky,2022-11-17 20:27:07
271,Hofn,IS,64.2539,-15.2082,45.59,95,96,10.92,overcast clouds,2022-11-17 20:27:07
272,Margate,GB,51.3813,1.3862,48.11,82,100,5.01,overcast clouds,2022-11-17 20:27:08
273,Georgetown,MY,5.4112,100.3354,80.24,93,40,0.0,scattered clouds,2022-11-17 20:27:08
274,Port Blair,IN,11.6667,92.75,78.76,83,100,4.52,overcast clouds,2022-11-17 20:27:09
275,Bhikangaon,IN,21.8667,75.95,65.12,46,0,5.41,clear sky,2022-11-17 20:27:09
276,Faya,SA,18.3851,42.4509,59.11,72,3,2.57,clear sky,2022-11-17 20:17:14
277,Cabo San Lucas,MX,22.8909,-109.9124,83.61,65,20,9.22,few clouds,2022-11-17 20:26:52
278,Torbay,CA,47.6666,-52.7314,49.75,92,100,31.07,overcast clouds,2022-11-17 20:28:10
279,Constitucion,CL,-35.3333,-72.4167,65.55,67,30,17.76,scattered clouds,2022-11-17 20:25:56
280,Ngunguru,NZ,-35.6167,174.5,63.88,88,100,10.89,overcast clouds,2022-11-17 20:20:36
281,Taunggyi,MM,20.7833,97.0333,57.0,95,47,0.83,scattered clouds,2022-11-17 20:28:10
282,Moose Factory,CA,51.2585,-80.6094,19.4,73,100,9.22,overcast clouds,2022-11-17 20:28:11
283,Stephenville,US,32.2207,-98.2023,60.93,29,0,6.91,clear sky,2022-11-17 20:28:11
284,Port Lincoln,AU,-34.7333,135.8667,65.26,51,100,20.38,overcast clouds,2022-11-17 20:28:11
285,Tiksi,RU,71.6872,128.8694,-8.99,93,100,4.83,overcast clouds,2022-11-17 20:28:12
286,North Bend,US,43.4065,-124.2243,54.07,81,40,8.05,scattered clouds,2022-11-17 20:28:12
287,Sept-Iles,CA,50.2001,-66.3821,28.4,77,75,8.05,broken clouds,2022-11-17 20:28:12
288,Savannah Bight,HN,16.45,-85.85,83.71,66,95,11.45,overcast clouds,2022-11-17 20:28:13
289,Ancud,CL,-41.8697,-73.8203,57.79,86,100,8.99,overcast clouds,2022-11-17 20:28:13
290,Bairiki,KI,1.3292,172.9752,82.4,69,40,10.36,scattered clouds,2022-11-17 20:28:13
291,Bathsheba,BB,13.2167,-59.5167,84.81,70,75,19.57,broken clouds,2022-11-17 20:28:14
292,Touros,BR,-5.1989,-35.4608,80.11,67,40,15.19,scattered clouds,2022-11-17 20:28:15
293,Hongjiang,CN,27.11,109.9956,56.98,94,100,3.36,overcast clouds,2022-11-17 20:28:15
294,Klaksvik,FO,62.2266,-6.589,47.32,85,100,33.51,light rain,2022-11-17 20:28:16
295,Rudbar,AF,30.15,62.6,65.44,18,56,8.25,broken clouds,2022-11-17 20:28:16
296,Lavumisa,SZ,-27.31,31.892,70.25,90,0,2.21,clear sky,2022-11-17 20:28:17
297,Karratha,AU,-20.7377,116.8463,66.97,54,0,17.0,clear sky,2022-11-17 20:28:17
298,Sugar Hill,US,34.1065,-84.0335,49.73,40,0,6.91,clear sky,2022-11-17 20:28:17
299,Lugovoy,KZ,42.9472,72.7644,31.06,73,100,4.36,overcast clouds,2022-11-17 20:28:18
300,Cap Malheureux,MU,-19.9842,57.6142,68.47,63,38,1.99,scattered clouds,2022-11-17 20:28:18
301,Srednekolymsk,RU,67.45,153.6833,-17.52,94,93,13.09,overcast clouds,2022-11-17 20:28:19
302,Hami,CN,42.8,93.45,38.01,62,100,8.75,overcast clouds,2022-11-17 20:28:19
303,Sainte-Anne-Des-Monts,CA,49.124,-66.4924,30.07,86,100,5.75,light snow,2022-11-17 20:28:20
304,Kuminskiy,RU,58.6667,66.5667,-10.28,98,5,4.25,clear sky,2022-11-17 20:28:20
305,Kirakira,SB,-10.4544,161.9205,80.33,82,97,4.36,overcast clouds,2022-11-17 20:27:58
306,Luanda,AO,-8.8368,13.2343,77.0,83,75,5.75,broken clouds,2022-11-17 20:27:05
307,Fort Collins,US,40.5853,-105.0844,26.82,82,100,4.61,mist,2022-11-17 20:28:21
308,Valparaiso,CL,-33.0393,-71.6273,70.03,84,0,12.66,clear sky,2022-11-17 20:27:01
309,Grand Gaube,MU,-20.0064,57.6608,68.38,63,51,4.0,broken clouds,2022-11-17 20:20:33
310,Kavaratti,IN,10.5669,72.642,81.97,72,0,5.64,clear sky,2022-11-17 20:18:42
311,Lahaina,US,20.8783,-156.6825,82.81,76,13,3.76,few clouds,2022-11-17 20:28:21
312,Ati,TD,13.2154,18.3353,80.74,18,4,12.46,clear sky,2022-11-17 20:28:21
313,Inuvik,CA,68.3499,-133.7218,25.66,54,40,6.91,scattered clouds,2022-11-17 20:28:22
314,Natal,BR,-5.795,-35.2094,81.25,69,40,13.8,scattered clouds,2022-11-17 20:28:22
315,Tindwari,IN,25.6167,80.5333,63.52,39,0,3.71,clear sky,2022-11-17 20:28:23
316,San Quintin,MX,30.4833,-115.95,67.23,26,100,7.4,overcast clouds,2022-11-17 20:28:23
317,Fallon,US,39.4735,-118.7774,49.91,41,40,4.61,scattered clouds,2022-11-17 20:28:23
318,Korla,CN,41.7597,86.1469,33.96,44,6,1.59,clear sky,2022-11-17 20:28:24
319,Ahipara,NZ,-35.1667,173.1667,61.38,95,100,9.64,light rain,2022-11-17 20:28:24
320,Laguna,US,38.421,-121.4238,67.64,46,0,3.44,clear sky,2022-11-17 20:28:25
321,Carmen,MX,18.6333,-91.8333,82.44,78,40,8.05,scattered clouds,2022-11-17 20:27:32
322,Oxapampa,PE,-10.5775,-75.4017,69.06,78,87,2.46,light rain,2022-11-17 20:28:25
323,Nacala,MZ,-14.5428,40.6728,77.61,79,35,7.49,scattered clouds,2022-11-17 20:28:26
324,Maragogi,BR,-9.0122,-35.2225,78.69,76,89,7.76,overcast clouds,2022-11-17 20:28:26
325,Muyezerskiy,RU,63.9333,31.65,23.38,99,71,1.79,broken clouds,2022-11-17 20:29:26
326,Boden,SE,65.8252,21.6886,15.8,81,7,3.31,clear sky,2022-11-17 20:29:27
327,Ouanaminthe,HT,19.55,-71.7333,89.2,50,92,15.52,overcast clouds,2022-11-17 20:29:27
328,Nanortalik,GL,60.1432,-45.2371,20.66,80,92,5.23,light snow,2022-11-17 20:29:27
329,Ust-Kuyga,RU,70.0167,135.6,-32.22,99,92,7.74,overcast clouds,2022-11-17 20:29:28
330,Robertsport,LR,6.7533,-11.3686,80.2,80,64,9.75,broken clouds,2022-11-17 20:29:28
331,Nizhneangarsk,RU,55.7833,109.55,25.88,85,100,5.93,overcast clouds,2022-11-17 20:29:28
332,Kabare,CD,-2.4683,28.8242,61.34,97,98,2.15,moderate rain,2022-11-17 20:29:29
333,Wadena,US,46.4425,-95.1361,24.84,74,100,17.27,overcast clouds,2022-11-17 20:25:20
334,Bezhta,RU,42.1338,46.1283,34.34,79,14,2.39,few clouds,2022-11-17 20:29:29
335,Sabha,LY,27.0377,14.4283,66.27,23,49,7.85,scattered clouds,2022-11-17 20:29:30
336,Pangnirtung,CA,66.1451,-65.7125,-5.48,96,85,5.28,overcast clouds,2022-11-17 20:29:30
337,Mirnyy,RU,62.5353,113.9611,-12.77,76,96,8.99,overcast clouds,2022-11-17 20:29:30
338,Markova,UA,48.6758,24.4138,32.36,99,100,2.62,light snow,2022-11-17 20:29:30
339,Samarai,PG,-10.6167,150.6667,82.18,79,97,10.87,overcast clouds,2022-11-17 20:29:31
340,Podosinovets,RU,60.2776,47.0659,12.74,96,37,4.14,scattered clouds,2022-11-17 20:29:31
341,Kamien Pomorski,PL,53.9685,14.7726,32.36,70,1,16.84,clear sky,2022-11-17 20:29:32
342,Lorengau,PG,-2.0226,147.2712,81.21,70,100,6.6,overcast clouds,2022-11-17 20:29:32
343,Ampanihy,MG,-24.7,44.75,70.45,76,0,5.35,clear sky,2022-11-17 20:29:32
344,Whitehaven,GB,54.549,-3.5841,45.66,100,100,4.0,overcast clouds,2022-11-17 20:29:33
345,Maracaju,BR,-21.6144,-55.1683,86.72,33,0,8.55,clear sky,2022-11-17 20:29:33
346,Ostersund,SE,63.1792,14.6357,16.61,100,20,11.01,few clouds,2022-11-17 20:29:33
347,Aykhal,RU,66.0,111.5,-17.45,99,100,3.18,overcast clouds,2022-11-17 20:29:34
348,Havre-Saint-Pierre,CA,50.2334,-63.5986,28.4,80,100,8.05,overcast clouds,2022-11-17 20:29:34
349,Gavrilovka Vtoraya,RU,52.877,42.7663,31.66,99,100,4.81,light snow,2022-11-17 20:29:34
350,Cherskiy,RU,68.75,161.3,-11.25,99,100,7.47,overcast clouds,2022-11-17 20:29:35
351,Saint-Louis,SN,16.3333,-15.0,89.74,18,64,8.9,broken clouds,2022-11-17 20:29:35
352,Tuatapere,NZ,-46.1333,167.6833,53.53,97,100,3.04,overcast clouds,2022-11-17 20:29:35
353,Tutoia,BR,-2.7619,-42.2744,81.14,76,37,10.8,scattered clouds,2022-11-17 20:29:36
354,Balkanabat,TM,39.5108,54.3671,59.4,53,1,8.01,clear sky,2022-11-17 20:29:36
355,Les Cayes,HT,18.2,-73.75,81.32,77,85,5.35,light rain,2022-11-17 20:29:36
356,Choya,RU,52.0108,86.5467,22.39,91,100,1.41,overcast clouds,2022-11-17 20:29:37
357,Talara,PE,-4.5772,-81.2719,74.16,68,0,13.8,clear sky,2022-11-17 20:29:37
358,Chokurdakh,RU,70.6333,147.9167,-11.02,96,99,6.15,overcast clouds,2022-11-17 20:29:37
359,Alexandria,EG,31.2156,29.9553,59.54,56,0,1.48,clear sky,2022-11-17 20:28:29
360,Pechenga,RU,69.5259,31.1703,32.68,87,91,3.78,overcast clouds,2022-11-17 20:29:38
361,Petropavlovsk-Kamchatskiy,RU,53.0452,158.6483,10.99,67,0,4.47,clear sky,2022-11-17 20:29:38
362,Krasnoselkup,RU,65.7,82.4667,6.21,78,100,24.94,overcast clouds,2022-11-17 20:29:38
363,Rio Grande,BR,-32.035,-52.0986,86.11,49,34,8.14,scattered clouds,2022-11-17 20:26:54
364,Meulaboh,ID,4.1363,96.1285,74.86,90,100,4.18,overcast clouds,2022-11-17 20:29:38
365,Barrafranca,IT,37.3791,14.2011,58.12,89,6,5.66,clear sky,2022-11-17 20:29:39
366,Norman Wells,CA,65.282,-126.8329,-0.36,85,20,0.0,few clouds,2022-11-17 20:29:39
367,Stettler,CA,52.3168,-112.7186,8.35,85,100,8.05,overcast clouds,2022-11-17 20:29:40
368,Inta,RU,66.0317,60.1659,8.74,85,100,34.29,overcast clouds,2022-11-17 20:29:40
369,Owen Sound,CA,44.5672,-80.9435,30.88,77,100,5.99,overcast clouds,2022-11-17 20:29:40
370,Teknaf,BD,20.8624,92.3058,69.12,68,0,7.16,clear sky,2022-11-17 20:29:41
371,Necochea,AR,-38.5473,-58.7368,62.33,72,51,5.97,broken clouds,2022-11-17 20:30:41
372,Ust-Koksa,RU,50.2696,85.6108,9.86,93,100,1.39,overcast clouds,2022-11-17 20:30:41
373,El Tigre,VE,8.8875,-64.2454,83.07,60,100,6.58,overcast clouds,2022-11-17 20:30:42
374,Demir Kapija,MK,41.405,22.2489,57.49,82,98,2.35,overcast clouds,2022-11-17 20:30:42
375,Nusaybin,TR,37.0778,41.2178,52.23,81,2,2.46,clear sky,2022-11-17 20:30:42
376,Sahuaripa,MX,29.05,-109.2333,74.73,24,0,5.66,clear sky,2022-11-17 20:30:43
377,Koumac,NC,-20.5667,164.2833,78.64,71,95,7.31,overcast clouds,2022-11-17 20:30:43
378,Ucluelet,CA,48.9329,-125.5528,55.09,52,0,6.22,clear sky,2022-11-17 20:28:18
379,Soure,BR,-0.7167,-48.5233,81.12,75,51,12.01,light rain,2022-11-17 20:30:44
380,Burgeo,CA,47.6167,-57.6152,40.66,81,100,27.89,overcast clouds,2022-11-17 20:30:44
381,Airai,TL,-8.9266,125.4092,61.16,86,81,1.86,broken clouds,2022-11-17 20:30:44
382,Cayenne,GF,4.9333,-52.3333,87.84,62,0,10.36,clear sky,2022-11-17 20:27:01
383,Port Hedland,AU,-20.3167,118.5667,69.85,73,0,12.66,clear sky,2022-11-17 20:30:45
384,Chisec,GT,15.8167,-90.2833,80.83,89,55,1.79,light rain,2022-11-17 20:30:45
385,Lanxi,CN,29.2195,119.477,58.68,94,52,2.33,broken clouds,2022-11-17 20:30:45
386,Nishihara,JP,26.1842,127.7558,74.48,97,100,10.36,overcast clouds,2022-11-17 20:30:46
387,Dhidhdhoo,MV,6.8833,73.1,81.09,77,60,6.49,broken clouds,2022-11-17 20:30:46
388,Tomatlan,MX,19.9333,-105.25,87.98,43,0,6.82,clear sky,2022-11-17 20:30:47
389,Skibbereen,IE,51.55,-9.2667,50.11,78,13,18.34,few clouds,2022-11-17 20:30:47
390,Codrington,AU,-38.2667,141.9667,48.81,87,10,10.89,clear sky,2022-11-17 20:30:47
391,Leyland,GB,53.6979,-2.6876,49.66,94,100,8.72,light rain,2022-11-17 20:30:48
392,Mumbwa,ZM,-14.9783,27.0619,71.04,55,2,2.57,clear sky,2022-11-17 20:30:48
393,Biscarrosse,FR,44.3945,-1.1672,57.15,72,75,13.8,broken clouds,2022-11-17 20:30:48
394,Gizo,SB,-8.103,156.8419,82.83,74,72,4.9,broken clouds,2022-11-17 20:30:49
395,Alamogordo,US,32.8995,-105.9603,59.59,36,0,4.61,clear sky,2022-11-17 20:26:56
396,Bom Jesus,BR,-9.0744,-44.3586,79.3,67,99,4.52,light rain,2022-11-17 20:30:49
397,Patiya,BD,22.2931,91.9762,61.93,93,0,5.99,clear sky,2022-11-17 20:30:50
398,Phuket,TH,8.0,98.25,85.12,93,20,0.0,few clouds,2022-11-17 20:30:50
399,Huntsville,US,34.7304,-86.5861,47.39,38,0,5.75,clear sky,2022-11-17 20:30:29
400,Longkou,CN,37.6508,120.3286,52.39,81,55,7.07,broken clouds,2022-11-17 20:30:51
401,Tongliao,CN,43.6125,122.2653,23.74,81,14,5.28,few clouds,2022-11-17 20:30:37
402,Diffa,NE,13.3154,12.6113,74.48,22,34,9.26,scattered clouds,2022-11-17 20:30:51
403,Xining,CN,36.6167,101.7667,33.01,89,100,2.01,overcast clouds,2022-11-17 20:30:51
404,Palimbang,PH,6.2106,124.1894,77.85,85,100,4.25,light rain,2022-11-17 20:30:52
405,Almaznyy,RU,48.0448,40.045,49.28,95,100,19.91,light rain,2022-11-17 20:30:52
406,Padang,ID,-0.9492,100.3543,75.79,88,100,3.56,light rain,2022-11-17 20:30:52
407,Sobolevo,RU,54.4299,31.8996,24.64,83,97,9.93,overcast clouds,2022-11-17 20:30:52
408,Praya,CV,14.9215,-23.5087,79.34,61,20,11.5,few clouds,2022-11-17 20:30:53
409,Rocha,UY,-34.4833,-54.3333,77.11,53,73,9.06,broken clouds,2022-11-17 20:29:27
410,Oranjemund,NA,-28.55,16.4333,59.38,87,15,11.86,few clouds,2022-11-17 20:30:53
411,Mezen,RU,65.8522,44.24,29.43,95,100,9.4,light snow,2022-11-17 20:30:53
412,Yerbogachen,RU,61.2767,108.0108,-20.0,99,69,3.27,broken clouds,2022-11-17 20:30:54
413,Harnoli,PK,32.2792,71.5539,64.54,25,0,3.76,clear sky,2022-11-17 20:30:54
414,Qui Nhon,VN,13.7667,109.2333,76.19,92,20,6.69,few clouds,2022-11-17 20:30:55
415,Valdivia,CL,-39.8142,-73.2459,68.09,67,100,6.53,light rain,2022-11-17 20:31:05
416,Faanui,PF,-16.4833,-151.75,79.3,75,69,4.25,light rain,2022-11-17 20:31:55
417,Alugan,PH,12.2188,125.4808,79.05,86,100,5.91,overcast clouds,2022-11-17 20:31:55
418,Amasya,TR,40.6667,35.8333,56.88,45,94,7.11,overcast clouds,2022-11-17 20:29:51
419,Myaundzha,RU,63.0494,147.1858,-23.51,100,100,0.45,overcast clouds,2022-11-17 20:31:56
420,Badarwas,IN,24.9667,77.5667,58.98,44,0,4.76,clear sky,2022-11-17 20:31:56
421,Vallenar,CL,-28.5708,-70.7581,84.67,34,0,7.81,clear sky,2022-11-17 20:30:30
422,Awjilah,LY,29.1081,21.2869,67.32,26,0,11.63,clear sky,2022-11-17 20:31:56
423,Anzhero-Sudzhensk,RU,56.081,86.0285,11.53,95,99,1.7,overcast clouds,2022-11-17 20:31:43
424,Cabedelo,BR,-6.9811,-34.8339,81.27,75,10,11.12,clear sky,2022-11-17 20:31:57
425,Avera,US,33.194,-82.5271,54.55,28,7,8.84,clear sky,2022-11-17 20:31:57
426,Santa Rosa,PH,14.3122,121.1114,77.09,93,100,8.16,overcast clouds,2022-11-17 20:27:08
427,Ocampo,MX,21.65,-101.5,71.37,26,3,11.07,clear sky,2022-11-17 20:31:57
428,Kapuskasing,CA,49.4169,-82.4331,19.49,73,100,9.22,overcast clouds,2022-11-17 20:31:58
429,Huntingdon,GB,52.3305,-0.1865,49.78,83,100,19.98,moderate rain,2022-11-17 20:31:58
430,Kazanka,UA,47.8462,32.8218,35.51,94,100,15.08,light rain,2022-11-17 20:31:58
431,Pontevedra,ES,42.431,-8.6444,56.3,94,23,1.19,few clouds,2022-11-17 20:31:58
432,Pringsewu,ID,-5.3582,104.9744,73.02,92,100,2.26,overcast clouds,2022-11-17 20:31:59
433,Algiers,DZ,36.7525,3.042,64.22,72,20,5.75,few clouds,2022-11-17 20:30:01
434,Qidong,CN,31.8128,121.6561,60.93,79,95,12.08,overcast clouds,2022-11-17 20:31:59
435,Sistranda,NO,63.7256,8.834,42.76,46,56,29.48,broken clouds,2022-11-17 20:31:13
436,Sitka,US,57.0531,-135.33,44.49,70,20,4.61,few clouds,2022-11-17 20:32:00
437,Effingham,US,32.3669,-81.3332,50.9,51,100,6.38,overcast clouds,2022-11-17 20:30:20
438,Mangrol,IN,21.1167,70.1167,74.89,39,0,8.48,clear sky,2022-11-17 20:32:00
439,Marsh Harbour,BS,26.5412,-77.0636,76.75,79,45,19.55,light rain,2022-11-17 20:32:01
440,Fukue,JP,32.6881,128.8419,63.55,61,71,13.96,broken clouds,2022-11-17 20:32:02
441,Wanaka,NZ,-44.7,169.15,59.74,78,75,2.95,broken clouds,2022-11-17 20:30:24
442,Dasoguz,TM,41.8363,59.9666,42.75,61,0,11.5,clear sky,2022-11-17 20:32:02
443,Sangmelima,CM,2.9333,11.9833,67.57,95,96,2.64,overcast clouds,2022-11-17 20:32:03
444,Duldurga,RU,50.6761,113.5931,16.47,97,82,2.06,broken clouds,2022-11-17 20:32:03
445,Canelones,UY,-34.6444,-56.2886,78.82,47,75,11.5,light rain,2022-11-17 20:32:03
446,Palu,ID,-0.8917,119.8707,75.69,94,100,2.91,heavy intensity rain,2022-11-17 20:32:04
447,Portland,US,45.5234,-122.6762,50.61,53,0,21.85,clear sky,2022-11-17 20:32:04
448,Waipawa,NZ,-41.4122,175.5153,60.13,86,35,6.17,scattered clouds,2022-11-17 20:32:05
449,Kruisfontein,ZA,-34.0033,24.7314,62.89,70,100,2.84,overcast clouds,2022-11-17 20:32:05
450,Ode,NG,7.7899,5.7117,76.57,54,97,4.5,overcast clouds,2022-11-17 20:32:06
451,Pocone,BR,-16.2567,-56.6228,97.7,13,10,3.04,clear sky,2022-11-17 20:32:06
452,Bubaque,GW,11.2833,-15.8333,83.25,75,100,10.49,overcast clouds,2022-11-17 20:32:06
453,Aqtobe,KZ,50.2797,57.2072,26.69,74,40,20.13,scattered clouds,2022-11-17 20:32:07
454,Lompoc,US,34.6391,-120.4579,74.79,36,0,12.66,clear sky,2022-11-17 20:32:07
455,Bara,NG,10.3744,10.7288,76.51,30,88,6.78,overcast clouds,2022-11-17 20:32:07
456,Gamba,GA,-2.65,10.0,74.41,90,99,5.73,overcast clouds,2022-11-17 20:32:08
457,Lata,PT,40.1629,-8.3327,58.82,95,86,4.27,overcast clouds,2022-11-17 20:32:08
458,Fairmont,US,39.4851,-80.1426,35.38,78,100,1.01,overcast clouds,2022-11-17 20:32:08
459,Pasighat,IN,28.0667,95.3333,60.49,65,3,3.49,clear sky,2022-11-17 20:28:58
460,Esfarayen,IR,37.0765,57.5101,47.86,52,100,3.87,light rain,2022-11-17 20:32:09
461,Victor Harbor,AU,-35.5667,138.6167,59.68,80,98,11.27,overcast clouds,2022-11-17 20:32:09
462,Sakakah,SA,29.9697,40.2064,60.37,50,4,4.74,clear sky,2022-11-17 20:32:10
463,Sorong,ID,-0.8833,131.25,79.11,87,100,4.94,overcast clouds,2022-11-17 20:33:10
464,Zhengjiatun,CN,43.5064,123.5064,29.73,70,0,6.8,clear sky,2022-11-17 20:33:10
465,Martapura,ID,-3.4167,114.85,77.09,100,75,6.91,moderate rain,2022-11-17 20:33:11
466,Grindavik,IS,63.8424,-22.4338,46.35,87,40,24.16,scattered clouds,2022-11-17 20:33:11
467,Guerrero Negro,MX,27.9769,-114.0611,73.02,24,0,2.89,clear sky,2022-11-17 20:28:58
468,Manggar,ID,-2.8833,108.2667,79.56,82,100,5.61,overcast clouds,2022-11-17 20:33:12
469,Malko Tarnovo,BG,41.9833,27.5333,54.79,87,14,10.8,few clouds,2022-11-17 20:33:12
470,Salta,AR,-24.7859,-65.4117,90.19,30,0,13.8,clear sky,2022-11-17 20:30:35
471,Tiquisio,CO,8.5597,-74.2669,82.89,93,100,0.87,overcast clouds,2022-11-17 20:33:13
472,Shelburne,CA,44.0787,-80.2041,29.91,80,90,9.82,overcast clouds,2022-11-17 20:33:14
473,Kadoma,JP,34.7333,135.5833,49.98,82,0,3.44,clear sky,2022-11-17 20:33:15
474,Brigantine,US,39.4101,-74.3646,45.01,50,20,21.99,few clouds,2022-11-17 20:33:15
475,Kavieng,PG,-2.5744,150.7967,82.87,69,100,9.91,overcast clouds,2022-11-17 20:33:16
476,Sibolga,ID,1.7427,98.7792,74.46,89,100,3.36,overcast clouds,2022-11-17 20:33:16
477,Bodden Town,KY,19.2833,-81.25,84.99,72,20,12.66,few clouds,2022-11-17 20:33:17
478,Viedma,AR,-40.8135,-62.9967,79.59,36,2,19.42,clear sky,2022-11-17 20:33:17
479,Acopiara,BR,-6.0953,-39.4525,87.64,34,14,5.48,few clouds,2022-11-17 20:33:17
480,Denpasar,ID,-8.65,115.2167,78.46,88,20,8.05,moderate rain,2022-11-17 20:33:18
481,Adrar,MR,20.5022,-10.0711,73.54,14,0,9.17,clear sky,2022-11-17 20:33:18
482,Kismayo,SO,-0.3582,42.5454,79.57,81,99,11.45,overcast clouds,2022-11-17 20:33:18
483,Sabang,ID,5.8933,95.3214,81.34,74,100,15.46,overcast clouds,2022-11-17 20:33:19
484,Singaparna,ID,-7.3515,108.111,71.08,96,100,0.76,overcast clouds,2022-11-17 20:33:20
485,Santa Isabel Do Rio Negro,BR,-0.4139,-65.0192,73.54,99,100,3.74,moderate rain,2022-11-17 20:33:20
486,Aksha,RU,50.2814,113.2867,14.81,96,99,1.57,overcast clouds,2022-11-17 20:33:21
487,Nome,US,64.5011,-165.4064,35.67,93,100,16.11,mist,2022-11-17 20:33:21
488,Kalisz,PL,51.7611,18.091,29.55,80,7,8.55,clear sky,2022-11-17 20:33:21
489,Cambridge,CA,43.3601,-80.3127,34.93,80,100,14.97,overcast clouds,2022-11-17 20:33:22
490,Parthenay,FR,46.6667,-0.4167,49.95,84,62,14.12,broken clouds,2022-11-17 20:33:22
491,Mawlaik,MM,23.6333,94.4167,61.74,91,0,1.25,clear sky,2022-11-17 20:33:22
492,Manoel Urbano,BR,-8.8389,-69.2597,85.12,60,100,3.94,overcast clouds,2022-11-17 20:33:23
493,Chekhov,RU,55.1431,37.4711,21.15,91,100,10.25,overcast clouds,2022-11-17 20:33:23
494,Sungai Besar,MY,3.6746,100.9867,77.07,88,100,4.79,light rain,2022-11-17 20:33:24
495,Paraiso,CR,9.8383,-83.8656,76.06,78,60,5.39,broken clouds,2022-11-17 20:33:25
496,Seoul,KR,37.5683,126.9778,44.04,97,0,3.44,fog,2022-11-17 20:29:04
497,Price,US,39.5994,-110.8107,43.12,32,0,3.44,clear sky,2022-11-17 20:30:28
498,Charters Towers,AU,-20.1,146.2667,74.75,78,47,9.48,scattered clouds,2022-11-17 20:33:25
499,Lower Hutt,NZ,-41.2167,174.9167,66.81,86,100,4.61,overcast clouds,2022-11-17 20:33:26
500,Skjervoy,NO,70.0311,20.9714,32.0,42,43,6.69,scattered clouds,2022-11-17 20:33:26
501,Antalaha,MG,-14.9003,50.2788,73.54,86,57,1.36,broken clouds,2022-11-17 20:33:27
502,Khonsa,IN,27.0167,95.5667,53.94,79,2,3.62,clear sky,2022-11-17 20:33:27
503,Douentza,ML,14.9951,-2.9517,77.11,16,72,5.26,broken clouds,2022-11-17 20:33:28
504,Coahuayana,MX,18.7333,-103.6833,87.37,62,0,6.22,clear sky,2022-11-17 20:33:29
505,Roma,US,43.2128,-75.4557,34.83,80,100,23.02,snow,2022-11-17 20:33:29
506,Beatrice,US,40.2681,-96.747,37.18,38,100,26.46,overcast clouds,2022-11-17 20:30:42
507,Atambua,ID,-9.1061,124.8925,75.25,86,89,1.92,overcast clouds,2022-11-17 20:33:30
508,Hamilton,US,39.1834,-84.5333,31.87,68,100,14.97,overcast clouds,2022-11-17 20:30:15
509,Berlevag,NO,70.8578,29.0864,41.0,87,75,11.5,broken clouds,2022-11-17 20:33:32
510,Geraldton,AU,-28.7667,114.6,55.81,88,40,6.91,light rain,2022-11-17 20:31:22
511,Baruun-Urt,MN,46.6806,113.2792,26.51,51,100,5.41,overcast clouds,2022-11-17 20:34:30
512,Whitehorse,CA,60.7161,-135.0538,15.82,90,100,0.0,overcast clouds,2022-11-17 20:30:29
513,Jiuquan,CN,39.7432,98.5174,32.02,37,86,7.16,overcast clouds,2022-11-17 20:34:31
514,Tezpur,IN,26.6333,92.8,60.24,84,5,4.56,clear sky,2022-11-17 20:34:31
515,Diglur,IN,18.55,77.6,63.09,61,1,1.79,clear sky,2022-11-17 20:34:32
516,Merauke,ID,-8.4667,140.3333,78.75,89,100,5.03,overcast clouds,2022-11-17 20:34:32
517,Camacha,PT,33.0833,-16.3333,67.42,73,40,9.22,scattered clouds,2022-11-17 20:34:32
518,Broken Hill,AU,-31.95,141.4333,59.36,42,44,13.56,scattered clouds,2022-11-17 20:33:47
519,Butka,RU,56.7179,63.7866,-3.59,96,5,3.4,clear sky,2022-11-17 20:32:22
520,Itaqui,BR,-29.1253,-56.5531,89.94,21,0,13.56,clear sky,2022-11-17 20:34:33
521,Kabo,CF,7.6994,18.629,76.14,34,100,2.46,overcast clouds,2022-11-17 20:34:33
522,Pingliang,CN,35.5392,106.6861,43.68,56,100,7.7,overcast clouds,2022-11-17 20:34:34
523,Vasai,IN,19.47,72.8,77.09,44,0,7.4,clear sky,2022-11-17 20:31:57
524,Santa Maria,BR,-29.6842,-53.8069,87.1,29,0,11.5,clear sky,2022-11-17 20:34:34
525,Manavgat,TR,36.7867,31.4431,64.71,73,79,8.77,broken clouds,2022-11-17 20:34:34
526,Murovani Kurylivtsi,UA,48.7235,27.5189,31.3,96,97,5.61,light snow,2022-11-17 20:34:35
527,Nyurba,RU,63.2842,118.3319,-5.26,97,98,5.41,overcast clouds,2022-11-17 20:34:35
528,Nsanje,MW,-16.92,35.262,74.59,56,0,4.18,clear sky,2022-11-17 20:34:35
529,Dobroye,RU,52.8678,39.8109,26.74,93,96,8.23,overcast clouds,2022-11-17 20:34:36
530,Iskateley,RU,67.6803,53.1512,31.89,92,100,15.3,light snow,2022-11-17 20:34:36
531,Clarence Town,AU,-32.5833,151.7833,59.81,68,2,3.87,clear sky,2022-11-17 20:34:36
532,Kyaikto,MM,17.3,97.0167,75.0,92,100,3.33,overcast clouds,2022-11-17 20:34:37
533,Gigmoto,PH,13.7796,124.39,79.0,89,100,7.43,overcast clouds,2022-11-17 20:34:37
534,Hasaki,JP,35.7333,140.8333,50.22,60,93,12.68,overcast clouds,2022-11-17 20:34:37
535,Chifeng,CN,42.2683,118.9636,31.53,73,100,2.84,overcast clouds,2022-11-17 20:34:38
536,Nalut,LY,30.3333,10.85,63.54,47,16,7.09,few clouds,2022-11-17 20:34:38
537,Orcopampa,PE,-15.2661,-72.3417,62.98,20,100,9.86,overcast clouds,2022-11-17 20:34:38
538,Zhenhai,CN,24.2582,118.0905,70.48,93,0,10.49,clear sky,2022-11-17 20:34:39
539,Fereydunshahr,IR,32.941,50.121,35.1,98,100,5.68,overcast clouds,2022-11-17 20:34:39
540,Yangjiang,CN,21.85,111.9667,71.35,84,52,5.06,broken clouds,2022-11-17 20:34:39
541,Richards Bay,ZA,-28.783,32.0377,72.01,95,100,2.57,light rain,2022-11-17 20:34:40
542,Bereda,ES,43.2686,-7.5406,50.41,100,96,2.71,overcast clouds,2022-11-17 20:34:40
543,Hope,US,33.6671,-93.5916,53.65,34,0,3.71,clear sky,2022-11-17 20:30:09
544,Preobrazheniye,RU,42.9019,133.9064,42.3,85,99,3.09,overcast clouds,2022-11-17 20:34:40
545,Campbellsville,US,37.3434,-85.3419,39.72,46,74,1.99,broken clouds,2022-11-17 20:34:41
546,Mabaruma,GY,8.2,-59.7833,76.64,94,90,4.05,overcast clouds,2022-11-17 20:34:41
547,Sisimiut,GL,66.9395,-53.6735,23.07,89,100,20.78,light snow,2022-11-17 20:31:11
548,Mudon,MM,16.2578,97.7164,72.63,87,91,3.98,overcast clouds,2022-11-17 20:34:42
549,Bud,US,39.447,-86.1758,33.91,70,83,13.96,broken clouds,2022-11-17 20:34:42
550,Annau,TM,37.8876,58.516,49.5,71,100,4.61,overcast clouds,2022-11-17 20:34:42
551,Shache,CN,38.4167,77.2406,41.11,24,43,7.81,scattered clouds,2022-11-17 20:34:43
552,Aksarka,RU,66.5606,67.7975,17.31,87,100,25.03,overcast clouds,2022-11-17 20:34:43
553,Newport,GB,51.5877,-2.9984,49.82,81,100,17.56,overcast clouds,2022-11-17 20:34:43
554,Concordia,AR,-31.393,-58.0209,93.27,23,0,4.61,clear sky,2022-11-17 20:35:44
555,Kyzyl-Suu,KG,42.3414,78.0056,27.72,59,98,7.78,overcast clouds,2022-11-17 20:35:44
556,Madimba,TZ,-10.4,40.3333,78.12,83,20,11.5,few clouds,2022-11-17 20:35:44
557,Gravdal,NO,68.1214,13.5031,37.29,56,0,4.61,clear sky,2022-11-17 20:35:45
558,Nuevitas,CU,21.5453,-77.2644,81.28,76,13,9.08,few clouds,2022-11-17 20:35:45
559,Salmo,CA,49.1999,-117.2689,36.09,61,26,2.37,scattered clouds,2022-11-17 20:35:45
560,Ostrovnoy,RU,68.0531,39.5131,38.82,85,100,13.98,overcast clouds,2022-11-17 20:35:45
561,Amapa,BR,1.0,-52.0,81.64,61,100,3.24,overcast clouds,2022-11-17 20:35:46
562,Auch,FR,43.65,0.5833,55.26,93,99,5.99,light rain,2022-11-17 20:31:22
563,Shadegan,IR,30.6497,48.6647,70.2,73,100,2.8,overcast clouds,2022-11-17 20:35:46
564,La Grande,US,45.3246,-118.0877,36.05,54,91,7.52,overcast clouds,2022-11-17 20:30:56
565,Hoquiam,US,46.9809,-123.8893,53.37,59,0,21.85,clear sky,2022-11-17 20:35:47
566,Poronaysk,RU,49.2167,143.1167,20.95,83,5,2.1,clear sky,2022-11-17 20:35:47
567,Marawi,PH,7.9986,124.2928,68.07,93,96,1.83,overcast clouds,2022-11-17 20:35:47
568,Lakatoro,VU,-16.0999,167.4164,82.81,72,23,6.87,few clouds,2022-11-17 20:35:48
569,Ilebo,CD,-4.3167,20.5833,70.03,98,82,1.86,light rain,2022-11-17 20:35:48
570,Coquimbo,CL,-29.9533,-71.3436,65.93,72,40,11.5,scattered clouds,2022-11-17 20:35:48
571,Fallingbostel,DE,52.8667,9.7,42.98,92,100,13.15,overcast clouds,2022-11-17 20:35:49
572,Pochutla,MX,15.7432,-96.4661,91.22,60,16,7.0,few clouds,2022-11-17 20:35:49
573,Quila,MX,24.4228,-107.22,81.82,34,6,8.9,clear sky,2022-11-17 20:35:49
574,Puri,IN,19.8,85.85,64.92,59,99,10.16,overcast clouds,2022-11-17 20:35:50
575,Sao Filipe,CV,14.8961,-24.4956,78.57,73,99,4.54,overcast clouds,2022-11-17 20:35:50
576,Kaeo,NZ,-35.1,173.7833,68.32,89,92,11.16,light rain,2022-11-17 20:35:50
577,Nauta,PE,-4.5061,-73.5757,82.45,66,86,2.42,overcast clouds,2022-11-17 20:35:50
578,Tonneins,FR,44.3921,0.3124,59.22,83,83,12.84,broken clouds,2022-11-17 20:35:51
579,Micheweni,TZ,-4.9667,39.8333,77.2,87,90,7.29,moderate rain,2022-11-17 20:35:51
580,Otukpo,NG,7.1913,8.1329,78.67,50,66,3.31,broken clouds,2022-11-17 20:35:51
581,Narrabri,AU,-30.3167,149.7833,54.52,79,1,3.0,clear sky,2022-11-17 20:35:52
582,Ouro Branco,BR,-20.5208,-43.6919,64.92,84,64,6.29,broken clouds,2022-11-17 20:35:52
583,Pecos,US,31.4229,-103.4932,57.31,28,0,0.0,clear sky,2022-11-17 20:31:11
584,Eureka,US,40.8021,-124.1637,58.17,91,4,3.0,clear sky,2022-11-17 20:35:52
585,Nata,PA,8.3333,-80.5167,80.47,74,77,10.83,light rain,2022-11-17 20:35:53
586,Gumdag,TM,39.2061,54.5906,56.89,59,8,9.06,clear sky,2022-11-17 20:35:53
587,Saint-Avold,FR,49.1027,6.7006,50.25,99,100,9.35,overcast clouds,2022-11-17 20:35:53
588,Zonguldak,TR,41.25,31.8333,52.88,61,100,5.03,light rain,2022-11-17 20:35:53
589,Marasesti,RO,45.8833,27.2333,43.09,83,100,8.93,overcast clouds,2022-11-17 20:35:54
590,Iquitos,PE,-3.7481,-73.2472,82.44,78,75,5.75,broken clouds,2022-11-17 20:35:54
591,Opuwo,NA,-18.0607,13.84,72.16,50,50,6.78,scattered clouds,2022-11-17 20:35:54
592,Port Said,EG,31.2565,32.2841,67.98,77,0,4.61,clear sky,2022-11-17 20:35:55
593,Parga,GR,39.2831,20.3964,61.12,84,86,7.7,overcast clouds,2022-11-17 20:35:55
594,General Roca,AR,-39.0333,-67.5833,86.63,25,64,5.82,broken clouds,2022-11-17 20:35:56
595,Beisfjord,NO,68.3751,17.5988,32.05,39,56,9.19,broken clouds,2022-11-17 20:35:56
596,Houma,US,29.5958,-90.7195,53.01,49,0,6.91,clear sky,2022-11-17 20:32:35
597,Okha,RU,53.5739,142.9478,11.88,90,60,5.64,broken clouds,2022-11-17 20:35:56
598,Matiri,TZ,-10.75,34.9,62.62,82,4,2.75,light rain,2022-11-17 20:35:57
599,Orchard Homes,US,46.8633,-114.0484,26.6,48,0,12.66,clear sky,2022-11-17 20:35:57
600,Nemuro,JP,43.3236,145.575,37.78,72,22,16.35,few clouds,2022-11-17 20:36:57
601,Payo,ID,-3.7508,103.6372,73.06,83,100,2.28,overcast clouds,2022-11-17 20:36:58
602,Rosetta,EG,31.4044,30.4164,67.32,60,0,1.34,clear sky,2022-11-17 20:36:58
603,Bireun,ID,5.203,96.7009,76.91,84,100,4.14,overcast clouds,2022-11-17 20:36:58
604,Lambarene,GA,-0.7001,10.2406,74.52,92,100,2.44,overcast clouds,2022-11-17 20:36:59
605,Manta,EC,-0.95,-80.7333,78.58,69,0,17.27,clear sky,2022-11-17 20:36:59
606,Suba,PH,10.8438,121.0102,82.33,80,100,24.58,overcast clouds,2022-11-17 20:36:59
607,Vardo,NO,70.3705,31.1107,40.98,81,75,13.8,broken clouds,2022-11-17 20:37:00
608,Kamina,CD,-8.7386,24.9906,63.21,87,45,2.55,light rain,2022-11-17 20:37:00
609,Samut Sakhon,TH,13.5833,100.3,84.04,83,94,3.02,overcast clouds,2022-11-17 20:37:00
610,Christchurch,NZ,-43.5333,172.6333,59.92,93,100,10.36,light intensity drizzle,2022-11-17 20:37:01
611,Englehart,CA,47.8169,-79.8664,19.96,73,100,9.22,overcast clouds,2022-11-17 20:37:01
612,Bandarbeyla,SO,9.4942,50.8122,77.97,71,3,14.5,clear sky,2022-11-17 20:37:01
613,Iralaya,HN,15.0,-83.2333,80.62,84,100,12.77,moderate rain,2022-11-17 20:37:01
614,Puerto Carreno,CO,6.189,-67.4859,89.58,58,40,0.0,scattered clouds,2022-11-17 20:37:02
615,Tautira,PF,-17.7333,-149.15,76.46,85,69,10.02,light rain,2022-11-17 20:37:02
616,Suez,EG,29.9737,32.5263,64.17,59,1,2.08,clear sky,2022-11-17 20:37:03
617,Shanghai,CN,31.2222,121.4581,64.27,83,75,4.47,broken clouds,2022-11-17 20:37:00
618,Milkovo,RU,54.7167,158.6167,-2.78,95,8,2.44,clear sky,2022-11-17 20:37:03
619,Pahrump,US,36.2083,-115.9839,59.05,21,4,1.99,clear sky,2022-11-17 20:33:02
620,Rognan,NO,67.0953,15.3878,41.88,37,77,9.48,broken clouds,2022-11-17 20:37:04
621,Zurrieq,MT,35.8311,14.4742,66.96,82,20,8.05,few clouds,2022-11-17 20:37:04
622,Tual,ID,-5.6667,132.75,82.42,75,99,5.39,overcast clouds,2022-11-17 20:37:04
623,Buala,SB,-8.145,159.5921,81.99,76,72,4.27,broken clouds,2022-11-17 20:37:05
624,San Juan,AR,-31.5375,-68.5364,95.23,20,0,13.24,clear sky,2022-11-17 20:35:23
625,Cap-Chat,CA,49.1001,-66.6821,30.2,86,100,5.75,overcast clouds,2022-11-17 20:37:05
626,Manthani,IN,18.65,79.6667,62.2,65,15,4.34,few clouds,2022-11-17 20:37:06
627,Nainpur,IN,22.4333,80.1167,58.21,54,0,5.32,clear sky,2022-11-17 20:37:06
628,Ust-Nera,RU,64.5667,143.2,-24.63,99,84,4.43,broken clouds,2022-11-17 20:37:07
629,Gao,ML,16.6362,1.637,72.14,16,9,10.13,clear sky,2022-11-17 20:37:07
630,Espanola,US,35.9911,-106.0806,46.96,35,0,1.01,clear sky,2022-11-17 20:37:08
631,Kudahuvadhoo,MV,2.6708,72.8944,81.37,79,98,15.9,overcast clouds,2022-11-17 20:37:08
632,Saint Anthony,US,45.0205,-93.218,28.35,74,100,17.27,overcast clouds,2022-11-17 20:37:08
633,Pedernales,DO,18.0384,-71.744,84.27,64,13,4.07,few clouds,2022-11-17 20:37:08
634,Bayan,CN,46.0833,127.4,26.58,75,8,9.75,clear sky,2022-11-17 20:37:09
635,Novyy Urengoy,RU,66.0833,76.6333,9.25,92,100,27.34,light snow,2022-11-17 20:36:49
636,Bjornevatn,NO,69.6672,29.9847,37.02,93,75,3.44,broken clouds,2022-11-17 20:37:09
637,Giyani,ZA,-23.3025,30.7187,80.78,44,67,4.05,broken clouds,2022-11-17 20:37:10
638,Nyimba,ZM,-14.5566,30.8149,76.44,44,0,5.79,clear sky,2022-11-17 20:37:10
639,Maryborough,AU,-25.5333,152.7,63.1,52,0,3.33,clear sky,2022-11-17 20:37:11
640,Taoudenni,ML,22.6783,-3.9836,76.35,13,0,9.82,clear sky,2022-11-17 20:37:11
641,Washougal,US,45.5826,-122.3534,50.47,55,0,32.01,clear sky,2022-11-17 20:37:11
642,Kjopsvik,NO,68.097,16.3742,19.27,33,67,9.69,broken clouds,2022-11-17 20:37:12
643,Shieli,KZ,44.1667,66.75,33.85,69,100,8.03,overcast clouds,2022-11-17 20:37:12
644,Labytnangi,RU,66.6572,66.4183,15.42,83,100,15.97,overcast clouds,2022-11-17 20:32:21
645,Stepanov,CZ,49.684,17.2204,37.98,96,100,2.46,overcast clouds,2022-11-17 20:37:13
646,Flinders,AU,-34.5833,150.8552,59.18,67,2,5.99,clear sky,2022-11-17 20:37:13
647,Chateaubelair,VC,13.2833,-61.25,81.12,78,40,14.97,scattered clouds,2022-11-17 20:38:13
648,Cockburn Town,TC,21.4612,-71.1419,82.36,69,40,11.5,scattered clouds,2022-11-17 20:35:12
649,Namatanai,PG,-3.6667,152.4333,80.87,74,100,6.22,overcast clouds,2022-11-17 20:38:14
650,Neiafu,TO,-18.65,-173.9833,81.28,78,20,5.75,few clouds,2022-11-17 20:38:14
651,Surskoye,RU,54.4821,46.7214,28.81,96,100,14.88,snow,2022-11-17 20:38:15
652,Noumea,NC,-22.2763,166.4572,81.0,99,100,8.95,overcast clouds,2022-11-17 20:38:15
653,San Ramon,US,37.7799,-121.978,63.64,48,0,11.5,clear sky,2022-11-17 20:34:10
654,West Richland,US,46.3043,-119.3614,44.51,69,0,5.99,clear sky,2022-11-17 20:38:15
655,Arrecife,ES,28.963,-13.5477,69.78,78,20,9.22,few clouds,2022-11-17 20:38:17
656,Lisakovsk,KZ,52.5369,62.4936,14.63,94,100,5.97,overcast clouds,2022-11-17 20:38:17
657,Fulton,US,33.7668,-84.4499,48.25,37,0,12.66,clear sky,2022-11-17 20:35:57
658,Henties Bay,NA,-22.116,14.2845,60.1,89,57,7.09,broken clouds,2022-11-17 20:38:18
659,Shimoda,JP,34.6667,138.95,52.11,77,55,9.98,broken clouds,2022-11-17 20:38:18
660,Salina,US,38.8403,-97.6114,39.33,52,100,16.11,overcast clouds,2022-11-17 20:36:38
661,Nizwa,OM,22.9333,57.5333,69.91,63,6,0.6,clear sky,2022-11-17 20:38:19
662,Taksimo,RU,56.3444,114.8794,5.58,93,90,0.69,overcast clouds,2022-11-17 20:38:19
663,Mayor Pablo Lagerenza,PY,-19.9309,-60.7718,97.65,16,12,7.18,few clouds,2022-11-17 20:38:19
664,Smolenskoye,RU,52.3044,85.0781,25.74,79,100,9.78,overcast clouds,2022-11-17 20:38:20
665,Podor,MR,16.6527,-14.9587,90.66,18,70,8.57,broken clouds,2022-11-17 20:38:21
666,Derzhavinsk,KZ,51.1,66.3167,15.19,96,90,3.91,light snow,2022-11-17 20:38:21
667,Urengoy,RU,65.9667,78.3667,8.49,92,100,23.94,light snow,2022-11-17 20:38:21
668,Huarmey,PE,-10.0681,-78.1522,69.39,74,92,11.7,overcast clouds,2022-11-17 20:38:22
669,Kursumlija,RS,43.1458,21.2686,50.25,94,23,3.38,few clouds,2022-11-17 20:38:22
670,Ghanzi,BW,-21.5667,21.7833,81.19,24,0,7.76,clear sky,2022-11-17 20:38:23
671,Svetlyy,RU,54.675,20.1347,32.05,81,54,8.52,broken clouds,2022-11-17 20:38:23
672,Teahupoo,PF,-17.8333,-149.2667,78.76,86,61,9.69,light rain,2022-11-17 20:38:24
673,Safford,US,32.834,-109.7076,58.12,28,0,7.94,clear sky,2022-11-17 20:37:06
674,Sioux Lookout,CA,50.1001,-91.917,21.27,86,100,9.22,overcast clouds,2022-11-17 20:38:24
675,Rockport,US,28.0206,-97.0544,57.24,90,100,12.66,overcast clouds,2022-11-17 20:36:01
676,Simao,CN,22.7886,100.9748,57.97,99,67,0.94,broken clouds,2022-11-17 20:38:25
677,Prince Rupert,CA,54.3161,-130.3201,49.69,44,0,20.71,clear sky,2022-11-17 20:38:25
678,Maldonado,UY,-34.6667,-54.9167,76.39,58,92,9.48,light rain,2022-11-17 20:37:12
679,Lesnoye,RU,58.2841,35.5158,22.96,84,93,8.77,overcast clouds,2022-11-17 20:38:26
680,Forssa,FI,60.8146,23.6215,32.68,81,25,6.89,scattered clouds,2022-11-17 20:38:26
681,Vodnyy,RU,63.5046,53.4095,7.43,90,99,10.0,overcast clouds,2022-11-17 20:38:27
682,San Carlos De Bariloche,AR,-41.1456,-71.3082,69.55,32,20,19.57,few clouds,2022-11-17 20:38:27
683,Pudem,RU,58.3044,52.1675,13.86,85,6,7.72,clear sky,2022-11-17 20:38:27
684,Nioro,GM,13.35,-15.75,81.34,31,50,1.19,scattered clouds,2022-11-17 20:38:28
685,Libreville,GA,0.3925,9.4537,77.41,86,100,3.2,light rain,2022-11-17 20:38:28
686,Iwanai,JP,42.9744,140.5089,35.47,78,93,3.51,overcast clouds,2022-11-17 20:38:29
687,Vitim,RU,59.4511,112.5578,16.41,98,100,1.61,overcast clouds,2022-11-17 20:38:29
688,Coolum Beach,AU,-26.5333,153.1,66.11,77,0,4.59,clear sky,2022-11-17 20:38:29
689,Boone,US,39.0334,-92.3335,45.45,51,77,14.23,broken clouds,2022-11-17 20:38:30
690,Virginia Beach,US,36.8529,-75.978,51.04,40,0,9.22,clear sky,2022-11-17 20:34:37
691,Staryy Nadym,RU,65.6118,72.6842,10.83,89,100,29.33,light snow,2022-11-17 20:38:30
692,Vila Velha,BR,-20.3297,-40.2925,75.15,77,75,18.41,broken clouds,2022-11-17 20:38:30
693,Chipinge,ZW,-20.1883,32.6236,66.65,68,0,4.0,clear sky,2022-11-17 20:38:30
694,Morant Bay,JM,17.8815,-76.4093,82.02,74,18,9.08,few clouds,2022-11-17 20:39:31
695,Yulara,AU,-25.2406,130.9889,69.58,79,2,11.99,clear sky,2022-11-17 20:39:31
696,Konstantinovka,RU,49.6167,127.9833,20.17,97,95,5.73,overcast clouds,2022-11-17 20:39:32
